-0.8307795,0.4621874,-0.7918286,0.5687778,-0.8610821,0.3295678,-0.9239695,0.09983864,-0.8248984,-0.1574573,-0.8046998,-0.2197794,-0.8477533,-0.1737205,-0.8823896,-0.5113252,-0.9602094,-0.8679188,-0.8844931,-0.9612982,-0.773445,-0.2948811,636445451324615367
-0.8311663,0.4620253,-0.7924485,0.568496,-0.8613786,0.3294372,-0.9240582,0.09947299,-0.8257943,-0.1580294,-0.8035611,-0.22505,-0.8477898,-0.1741377,-0.8825018,-0.5115604,-0.960248,-0.8678759,-0.8831457,-0.962582,-0.7703765,-0.2954851,636445451324895400
-0.831664,0.461808,-0.7930831,0.5682469,-0.8620045,0.3292923,-0.9243075,0.09919974,-0.8266513,-0.1584434,-0.8048056,-0.2270331,-0.8478257,-0.1743437,-0.8825002,-0.5115349,-0.960279,-0.8678392,-0.883513,-0.9627166,-0.7731645,-0.2957092,636445451325325744
-0.8322711,0.4612747,-0.7937335,0.5675761,-0.8628408,0.329045,-0.9250163,0.09882838,-0.8377837,-0.1410318,-0.8078498,-0.2225363,-0.8476198,-0.1742369,-0.882566,-0.5113753,-0.9602903,-0.8674034,-0.8841882,-0.9623022,-0.7766807,-0.2945517,636445451325565778
-0.8323395,0.4612075,-0.7938937,0.5674999,-0.8632326,0.3290562,-0.9257419,0.09727976,-0.836664,-0.1462069,-0.8100004,-0.2263909,-0.8469141,-0.1741799,-0.8826416,-0.5113398,-0.9602835,-0.8683388,-0.8842672,-0.9621286,-0.7799634,-0.2964282,636445451325935529
-0.8326912,0.4612526,-0.7942957,0.5675161,-0.8640274,0.3287449,-0.9264907,0.09655157,-0.8333566,-0.162608,-0.8125972,-0.2208962,-0.8466479,-0.174081,-0.8827998,-0.511292,-0.9602913,-0.8683821,-0.8839847,-0.9602854,-0.7814047,-0.2941536,636445451326240964
-0.8330867,0.461011,-0.7946807,0.5671749,-0.8644019,0.328739,-0.9272905,0.09631158,-0.8358075,-0.1631843,-0.8156469,-0.2229142,-0.8466392,-0.1740531,-0.8828123,-0.5107964,-0.9605156,-0.8674843,-0.8846558,-0.9601312,-0.7843082,-0.2986221,636445451326635967
-0.8332272,0.4609316,-0.7949965,0.5670959,-0.8647966,0.3287781,-0.9281603,0.09555385,-0.8367048,-0.1638546,-0.8174997,-0.2234663,-0.8464329,-0.1739199,-0.8828694,-0.5108074,-0.9606134,-0.8682427,-0.8855778,-0.9610882,-0.787763,-0.2997771,636445451326896742
-0.8333151,0.4608532,-0.7951086,0.5669535,-0.8651434,0.3285968,-0.9287629,0.09439512,-0.837067,-0.1648323,-0.8175847,-0.2249882,-0.8462825,-0.1733474,-0.8824265,-0.5107758,-0.9605842,-0.8684464,-0.8860785,-0.960726,-0.7885134,-0.2999058,636445451327271855
-0.8333924,0.4603383,-0.7951108,0.5664225,-0.8652675,0.3283998,-0.9289384,0.09426071,-0.8378037,-0.1650695,-0.8184988,-0.2248895,-0.8467777,-0.1729341,-0.8805671,-0.5098439,-0.9601709,-0.8689348,-0.8857492,-0.9609671,-0.7880956,-0.2997501,636445451327557123
-0.8329641,0.4600871,-0.7947737,0.566108,-0.8653603,0.3283816,-0.9290549,0.09401771,-0.838226,-0.1653058,-0.8181763,-0.2288885,-0.8469997,-0.1727517,-0.8793964,-0.5093058,-0.9594018,-0.8707647,-0.8849394,-0.9608599,-0.7896302,-0.3063104,636445451327972897
-0.8324243,0.4601628,-0.7938582,0.5658666,-0.8646786,0.3280504,-0.9287624,0.09409093,-0.8382865,-0.1652546,-0.8181953,-0.2288074,-0.8467709,-0.172554,-0.8784913,-0.50876,-0.9584296,-0.8730901,-0.8843774,-0.96129,-0.7878758,-0.305352,636445451328237915
-0.8301446,0.4595572,-0.7919858,0.5653689,-0.8636919,0.3286005,-0.9270194,0.09580719,-0.837323,-0.1638546,-0.8164848,-0.2286377,-0.8469956,-0.1707747,-0.8779964,-0.5086422,-0.9579059,-0.874441,-0.8844122,-0.9614773,-0.7861444,-0.3050414,636445451328583109
-0.8274012,0.4587438,-0.7894579,0.5646237,-0.8615087,0.3288184,-0.9242775,0.09539777,-0.8307482,-0.1629203,-0.8133496,-0.2239429,-0.8470353,-0.1704866,-0.8773787,-0.5090982,-0.9579437,-0.8747168,-0.8833888,-0.9634514,-0.7797026,-0.2997576,636445451328884032
-0.8233936,0.4583488,-0.7853599,0.5642611,-0.8576292,0.3296805,-0.9183193,0.1007847,-0.8266347,-0.1585133,-0.8081766,-0.2201744,-0.8472976,-0.1710654,-0.8767352,-0.5095146,-0.9574261,-0.8757839,-0.8833744,-0.9634396,-0.7717825,-0.293794,636445451329324025
-0.8196735,0.4578549,-0.781828,0.5641252,-0.8526091,0.329976,-0.9131805,0.1050078,-0.8202291,-0.1539616,-0.7997504,-0.2164954,-0.8465766,-0.1719502,-0.8756302,-0.5098217,-0.9564688,-0.8763568,-0.8831764,-0.9637675,-0.7560406,-0.2853291,636445451329564033
-0.8150669,0.4573312,-0.7769614,0.5635772,-0.8472576,0.329235,-0.9089577,0.1075048,-0.8118833,-0.1501565,-0.783582,-0.2131748,-0.8458111,-0.1725752,-0.8749591,-0.5113076,-0.9565319,-0.8769346,-0.8821778,-0.9644384,-0.7407117,-0.2796825,636445451329967051
-0.8087409,0.4563344,-0.771556,0.5638076,-0.8423979,0.3296854,-0.9027014,0.1108723,-0.8018209,-0.1456482,-0.7704995,-0.2086913,-0.8436656,-0.1737536,-0.874795,-0.512113,-0.956237,-0.8774468,-0.8821293,-0.9651195,-0.7243582,-0.2727302,636445451330227052
-0.7994297,0.4552438,-0.764414,0.5644653,-0.8360951,0.3309551,-0.8973152,0.1140907,-0.7777496,-0.1323409,-0.7463454,-0.2170126,-0.8420031,-0.1752661,-0.8749458,-0.5134555,-0.9551861,-0.8773616,-0.882144,-0.9649882,-0.7098147,-0.2803055,636445451330667088
-0.7925702,0.4568689,-0.7582818,0.5666244,-0.8277926,0.3312147,-0.8895941,0.1152926,-0.769123,-0.1328178,-0.7307323,-0.2142491,-0.840397,-0.1772098,-0.8769324,-0.5287257,-0.9552309,-0.8797331,-0.8802896,-0.9648658,-0.6928913,-0.2753688,636445451330882164
-0.7823883,0.458847,-0.747869,0.5684873,-0.8190957,0.3317981,-0.8823403,0.1205884,-0.7599059,-0.1268618,-0.7131717,-0.2103128,-0.8397887,-0.1781062,-0.8757001,-0.5275244,-0.9542966,-0.8780731,-0.8803797,-0.9637041,-0.6705704,-0.268045,636445451331302159
-0.7696458,0.461573,-0.7331803,0.5699952,-0.8098393,0.3337732,-0.8744226,0.1205592,-0.7458091,-0.1237304,-0.6916621,-0.2008543,-0.8345026,-0.1834061,-0.8729485,-0.526293,-0.9525894,-0.8767175,-0.8805652,-0.9629161,-0.6535913,-0.2599381,636445451331552162
-0.7543538,0.4658564,-0.7155548,0.57385,-0.8000692,0.3350347,-0.8609186,0.1267146,-0.7382134,-0.1060933,-0.6770688,-0.1916351,-0.8286454,-0.1803385,-0.8701192,-0.5248621,-0.9511285,-0.8736866,-0.8805332,-0.9630735,-0.6364329,-0.25719,636445451331988113
-0.7395185,0.4710892,-0.6975127,0.5787511,-0.7883314,0.3372554,-0.848624,0.1283792,-0.7311565,-0.09235939,-0.6644727,-0.1798139,-0.8238511,-0.1783912,-0.8655225,-0.5217522,-0.9509316,-0.8730215,-0.8823172,-0.9624983,-0.623134,-0.2447583,636445451332238116
-0.7258586,0.4752911,-0.683759,0.5836099,-0.7768748,0.337923,-0.8337027,0.1301852,-0.7247341,-0.08449014,-0.6548299,-0.1667425,-0.8127031,-0.1834209,-0.8610485,-0.5193525,-0.9505123,-0.8715804,-0.8859901,-0.960073,-0.6139251,-0.2325382,636445451332618108
-0.713277,0.4778301,-0.6723856,0.5872692,-0.7654168,0.3374341,-0.8218203,0.1267723,-0.676471,-0.1089891,-0.6179935,-0.2016851,-0.8039055,-0.1741068,-0.8417617,-0.5183185,-0.9500551,-0.8705372,-0.8879325,-0.957161,-0.572044,-0.2584667,636445451332893176
-0.6978359,0.4772435,-0.6335877,0.5763151,-0.7520885,0.3371667,-0.8009399,0.1210533,-0.6654195,-0.1202012,-0.6049759,-0.1991156,-0.7985871,-0.176238,-0.8197883,-0.5242262,-0.9496371,-0.870416,-0.889832,-0.9546798,-0.5546114,-0.2634117,636445451333368193
-0.6820624,0.4752282,-0.6236975,0.5794603,-0.7375439,0.3353941,-0.7848912,0.1156127,-0.6573968,-0.1191183,-0.594548,-0.1989106,-0.7884649,-0.1767443,-0.7975569,-0.5414309,-0.9488776,-0.8702531,-0.8896517,-0.957408,-0.5490156,-0.261014,636445451333583180
-0.6660615,0.4719801,-0.6091909,0.5775487,-0.7230745,0.3325009,-0.7719828,0.1107255,-0.6510541,-0.1146994,-0.5867843,-0.1985913,-0.7767963,-0.178332,-0.794592,-0.5435279,-0.9469315,-0.8657926,-0.8906714,-0.956316,-0.542299,-0.2643467,636445451333968184
-0.6466947,0.4686374,-0.5905185,0.5749575,-0.7019001,0.329041,-0.7541615,0.1055088,-0.619112,-0.1357456,-0.5703112,-0.2163996,-0.7482513,-0.1893902,-0.7827639,-0.546838,-0.9452855,-0.8655896,-0.8903673,-0.9567384,-0.5252297,-0.2726928,636445451334238847
-0.6303158,0.4659129,-0.5732014,0.5717538,-0.687409,0.3259184,-0.7387854,0.0994738,-0.6092722,-0.1445341,-0.5709481,-0.2146609,-0.7365717,-0.191621,-0.7663299,-0.5502417,-0.9428673,-0.8670476,-0.8896568,-0.9578788,-0.5254461,-0.277399,636445451334693854
-0.6146753,0.4646448,-0.5507584,0.5653199,-0.6700414,0.3243124,-0.7239833,0.09311881,-0.6017953,-0.1525302,-0.5669369,-0.2284442,-0.7078228,-0.1977387,-0.7479218,-0.5551491,-0.9360829,-0.8686104,-0.8889289,-0.9587073,-0.5318439,-0.2909673,636445451334988859
-0.5973288,0.4647866,-0.533914,0.566196,-0.6514485,0.3243284,-0.7089017,0.09160694,-0.6018641,-0.1524745,-0.5702789,-0.234637,-0.6874802,-0.200113,-0.7506189,-0.5518456,-0.9207989,-0.8734472,-0.8844802,-0.9584985,-0.5377716,-0.2971001,636445451335278860
-0.5815105,0.4683083,-0.5167688,0.5689574,-0.6385362,0.3252596,-0.6920791,0.09159796,-0.6003804,-0.1556434,-0.5752696,-0.2390766,-0.6493947,-0.2013645,-0.7245293,-0.5412107,-0.9038553,-0.8727648,-0.8794339,-0.9552381,-0.5479199,-0.3070901,636445451335593867
-0.5674646,0.4709115,-0.5008293,0.5702235,-0.6202422,0.3286197,-0.6811745,0.09276299,-0.598263,-0.1620799,-0.5837521,-0.2405358,-0.6387712,-0.1949621,-0.6894118,-0.5300925,-0.8884038,-0.8763807,-0.859821,-0.9508035,-0.5612274,-0.3066297,636445451335979530
-0.5513456,0.4726469,-0.4868161,0.5740822,-0.6046273,0.3317124,-0.6709772,0.09176179,-0.5973992,-0.1707427,-0.588231,-0.2393022,-0.6157872,-0.177524,-0.6419541,-0.508276,-0.8657143,-0.8698258,-0.8351004,-0.9404036,-0.5703254,-0.3070067,636445451336245095
-0.537279,0.4753256,-0.4739395,0.5780699,-0.5917329,0.3341212,-0.6611237,0.08983266,-0.5959783,-0.1744885,-0.5868249,-0.2440914,-0.6015424,-0.1703394,-0.6088449,-0.5030624,-0.8065031,-0.8273225,-0.8157659,-0.9196674,-0.5811229,-0.319348,636445451336650101
-0.5255368,0.4778354,-0.4611946,0.5800015,-0.5791565,0.3363312,-0.6534742,0.08734601,-0.5958034,-0.1770601,-0.5870051,-0.2471523,-0.5782509,-0.1662114,-0.5672428,-0.509466,-0.7942793,-0.825286,-0.7932065,-0.9129778,-0.588482,-0.3174707,636445451336900454
-0.5102893,0.4787823,-0.4464614,0.5816633,-0.5658904,0.3372293,-0.6460552,0.08638036,-0.5951794,-0.1785343,-0.58887,-0.250901,-0.5562894,-0.1654549,-0.5426414,-0.5355298,-0.744571,-0.8333049,-0.7480711,-0.9196305,-0.5961743,-0.3225996,636445451337295338
-0.4957819,0.4783693,-0.4312587,0.5809398,-0.553229,0.3379009,-0.636412,0.0873101,-0.5918038,-0.1814913,-0.5858688,-0.2534109,-0.5399389,-0.1629918,-0.5190389,-0.5420406,-0.718145,-0.8559775,-0.6266679,-0.9433301,-0.5999225,-0.3302607,636445451337560330
-0.4814373,0.4788588,-0.4159578,0.5809146,-0.5412368,0.3376029,-0.6260202,0.08632811,-0.5876974,-0.182669,-0.5790923,-0.254731,-0.5190764,-0.1618312,-0.4886547,-0.5527077,-0.6637466,-0.8699591,-0.5944275,-0.9541085,-0.5836847,-0.321961,636445451337945771
-0.4638827,0.4789688,-0.3979704,0.5809904,-0.5272083,0.3375705,-0.6156232,0.08652649,-0.5815087,-0.1802993,-0.5708935,-0.2548826,-0.5118365,-0.1621338,-0.4354583,-0.5427018,-0.599298,-0.8962207,-0.5361328,-0.9550781,-0.5730737,-0.323624,636445451338245775
-0.4470212,0.4785904,-0.3809605,0.5807934,-0.5092964,0.3365167,-0.6010132,0.08576388,-0.5702469,-0.178324,-0.5560588,-0.2570218,-0.4941755,-0.168602,-0.4178696,-0.5418326,-0.5443021,-0.8828799,-0.4957571,-0.9599587,-0.568734,-0.3276497,636445451338620772
-0.4298963,0.4783002,-0.3575649,0.5752864,-0.4947917,0.3360055,-0.5847926,0.08365823,-0.5516866,-0.180047,-0.5384366,-0.2560776,-0.4790229,-0.1697417,-0.396249,-0.5491944,-0.4890583,-0.9072242,-0.4578533,-0.9806033,-0.5452411,-0.3210891,636445451338885829
-0.4110646,0.4755839,-0.3384124,0.5726035,-0.4802442,0.3353668,-0.5697276,0.08247734,-0.5375833,-0.176031,-0.5191265,-0.2546086,-0.4638099,-0.1691425,-0.3781653,-0.5515917,-0.4253954,-0.9102867,-0.3286547,-0.9450386,-0.522015,-0.3253635,636445451339295834
-0.3955073,0.4735116,-0.3207336,0.5687813,-0.4614162,0.331352,-0.5491122,0.0771741,-0.513525,-0.1760215,-0.4960718,-0.2543271,-0.4499759,-0.1725925,-0.338537,-0.5515602,-0.3656676,-0.9068556,-0.2641752,-0.97184,-0.4880866,-0.3249304,636445451339555822
-0.3743016,0.4719847,-0.2987949,0.5669676,-0.4449162,0.3309227,-0.5294415,0.07503819,-0.4897632,-0.1884302,-0.472375,-0.2562734,-0.429425,-0.1690152,-0.3242005,-0.5493217,-0.2975076,-0.9138441,-0.2148622,-0.9849271,-0.4632772,-0.3269634,636445451339965999
-0.356039,0.4702864,-0.2808491,0.5659984,-0.422665,0.3273564,-0.5058264,0.07056309,-0.4686179,-0.1793013,-0.4472943,-0.257318,-0.4132672,-0.1686643,-0.2984632,-0.5473304,-0.2667439,-0.8821348,-0.1688548,-0.9478342,-0.4380824,-0.3325801,636445451340215972
-0.336779,0.4674467,-0.2615069,0.5634661,-0.403887,0.3227608,-0.4791677,0.06325683,-0.4345606,-0.1968103,-0.4191892,-0.2594211,-0.3996127,-0.1759637,-0.2861113,-0.5552834,-0.2202561,-0.8852732,-0.1178267,-0.9467978,-0.4134793,-0.3348706,636445451340616008
-0.312435,0.4625171,-0.2382909,0.5600413,-0.377891,0.3168705,-0.4569963,0.05890328,-0.416324,-0.1931017,-0.3901668,-0.2676256,-0.3738016,-0.189515,-0.2637703,-0.5699804,-0.1555761,-0.950564,-0.06887668,-0.9600041,-0.3828849,-0.3425504,636445451340886872
-0.2932855,0.4593658,-0.2173123,0.5555519,-0.3611336,0.3133522,-0.4288428,0.05174842,-0.3855759,-0.192216,-0.3603968,-0.2699758,-0.3565649,-0.1955231,-0.2356298,-0.5732978,-0.1644296,-0.9019351,-0.05886076,-0.9559363,-0.3505496,-0.3480572,636445451341316575
-0.2700609,0.455537,-0.1944888,0.5525447,-0.3362276,0.3083825,-0.4005763,0.0457557,-0.3488968,-0.2089586,-0.3304236,-0.2757986,-0.3203534,-0.1997553,-0.2196538,-0.5831311,-0.1593678,-0.9135758,-0.05157483,-0.9619856,-0.3260469,-0.3530993,636445451341556883
-0.243636,0.4524722,-0.1693666,0.5512131,-0.3079849,0.3037443,-0.372669,0.04054642,-0.3298968,-0.207857,-0.2997581,-0.2857407,-0.3054755,-0.204014,-0.1640926,-0.5748228,-0.1121864,-0.9545142,-0.03330415,-0.9762818,-0.2912988,-0.3593981,636445451341937808
-0.2228442,0.450964,-0.1468883,0.548602,-0.2851132,0.3036163,-0.3367895,0.03808707,-0.2910596,-0.206283,-0.270169,-0.2877479,-0.2557267,-0.2019996,-0.1882068,-0.5649856,-0.1133192,-0.940852,-0.03229601,-0.9796919,-0.2661924,-0.363773,636445451342237902
-0.1949521,0.4559741,-0.1206139,0.5557516,-0.2577806,0.3067862,-0.310401,0.04029536,-0.2599056,-0.2080172,-0.2405981,-0.2871343,-0.243702,-0.1951752,-0.1569725,-0.5230753,-0.1142888,-0.9339467,-0.03034913,-0.9820871,-0.2259252,-0.3605339,636445451342642754
-0.1721546,0.4606883,-0.09553806,0.5590759,-0.2247005,0.3170622,-0.2729251,0.0497977,-0.2254422,-0.2022745,-0.2086866,-0.2844952,-0.2330591,-0.1937843,-0.1500681,-0.5210755,-0.1128165,-0.9274212,-0.0300789,-0.984026,-0.2039891,-0.355624,636445451342888497
-0.1478112,0.4677231,-0.07162783,0.5671756,-0.202577,0.317845,-0.2515582,0.04977723,-0.174833,-0.2135721,-0.1537615,-0.2750096,-0.2124498,-0.1895843,-0.1321748,-0.5499942,-0.1125209,-0.9246777,-0.02837142,-0.9861641,-0.1301602,-0.3561144,636445451343298481
-0.1271414,0.4716435,-0.04993643,0.5706922,-0.1752138,0.322603,-0.221865,0.05430469,-0.144393,-0.2093291,-0.1287662,-0.2713771,-0.1927343,-0.1798149,-0.1298844,-0.5493066,-0.1114011,-0.9232342,-0.02840414,-0.9861778,-0.1073451,-0.3525772,636445451343558487
-0.1067006,0.473433,-0.02815252,0.5718383,-0.1531925,0.3250653,-0.1965649,0.0626065,-0.1106361,-0.1985888,-0.1003299,-0.2747932,-0.1683107,-0.1782426,-0.1225388,-0.5422654,-0.1104427,-0.9219115,-0.02850613,-0.986557,-0.07403684,-0.3519141,636445451343977032
-0.08286819,0.4784971,-0.006476981,0.579438,-0.133237,0.3270883,-0.175582,0.06559576,-0.07884058,-0.1920605,-0.0679516,-0.2707911,-0.1452218,-0.1804768,-0.1036219,-0.5333678,-0.1097105,-0.9209827,-0.03109662,-0.9869993,-0.02760112,-0.3382474,636445451344227018
-0.06046126,0.4789988,0.01634548,0.5800719,-0.1163639,0.329177,-0.1358251,0.06481164,-0.04859795,-0.1896121,-0.03812637,-0.2669053,-0.1443642,-0.1746221,-0.09896526,-0.5335985,-0.1079407,-0.9181643,-0.03428486,-0.9853426,0.004700793,-0.3290593,636445451344617018
-0.04059756,0.4807458,0.036288,0.5822023,-0.09639023,0.3275316,-0.1256151,0.06539092,-0.02698994,-0.1725712,-0.008694217,-0.2575966,-0.1252315,-0.173941,-0.094377,-0.5361704,-0.1052964,-0.9193342,-0.01267291,-0.9564369,0.05175348,-0.3190169,636445451344898355
-0.02112628,0.4826189,0.0571222,0.583338,-0.08168069,0.3271566,-0.1008676,0.07153618,-0.0006121331,-0.1609769,0.02628574,-0.2479912,-0.07191341,-0.1820994,-0.08700015,-0.5396387,-0.1033032,-0.9192572,-0.01058482,-0.9544774,0.08372431,-0.3165997,636445451345328588
-0.001793298,0.4835008,0.07785015,0.5834062,-0.06049571,0.3284162,-0.08719773,0.07335853,0.04343773,-0.1694283,0.05805338,-0.2454458,-0.05405142,-0.1837498,-0.07680111,-0.5686712,-0.1210554,-0.9301937,-0.0539856,-0.9868164,0.1105237,-0.3105715,636445451345558577
0.02025985,0.4846802,0.09889304,0.5859382,-0.04350611,0.3293904,-0.06357925,0.0707359,0.05635213,-0.1690827,0.1037881,-0.2384447,-0.03802706,-0.1824583,-0.07190936,-0.5676939,-0.1187177,-0.9248279,-0.05261189,-0.9863487,0.1390596,-0.3044885,636445451345948927
0.04028155,0.4847583,0.1209677,0.5846179,-0.02278835,0.3292215,-0.05239243,0.07371631,0.07183249,-0.1553898,0.1260827,-0.2296405,-0.01793595,-0.1845734,-0.06106181,-0.5683119,-0.1016291,-0.9230522,-0.04366044,-0.9843315,0.1620602,-0.2941361,636445451346229054
0.0623713,0.4843001,0.1419062,0.5855916,-0.004366591,0.3285605,-0.03077118,0.07491564,0.085796,-0.1482403,0.1478807,-0.2262278,-0.001205987,-0.187336,-0.04613685,-0.5808077,-0.08957021,-0.918995,-0.02150894,-0.990335,0.1860859,-0.2890059,636445451346629060
0.082508,0.4835139,0.1638553,0.5835965,0.01724454,0.3277897,-0.01345798,0.07143408,0.1032769,-0.1420848,0.1671468,-0.2241225,0.003551002,-0.1879099,-0.03930301,-0.5810094,-0.08858046,-0.9184976,-0.0213002,-0.9898849,0.2032901,-0.2908849,636445451346909166
0.1075596,0.4824744,0.1920907,0.5801337,0.03746748,0.3259473,0.005263428,0.07607947,0.1225974,-0.1411511,0.1838665,-0.2219927,0.001959295,-0.2007101,-0.03113462,-0.5789592,-0.08760998,-0.9180094,-0.0218692,-0.9902706,0.2192683,-0.2886471,636445451347304387
0.1269657,0.4825044,0.2140035,0.5781429,0.0637332,0.3248152,0.02790441,0.07589693,0.1407981,-0.1419906,0.1993908,-0.2250693,0.09003421,-0.2150649,-0.02287429,-0.5801713,-0.0860495,-0.9169545,-0.02388109,-0.9895369,0.2345187,-0.2932777,636445451347569512
0.1544087,0.4808539,0.2423252,0.576172,0.08284765,0.323916,0.05126741,0.0709397,0.1580645,-0.1426779,0.2096631,-0.2254023,0.09682096,-0.2128472,-0.007702371,-0.5825266,-0.08209331,-0.9179355,-0.02569051,-0.9892924,0.2527219,-0.2946971,636445451347965285
0.1755881,0.4771869,0.2630424,0.5733147,0.1094328,0.3196916,0.07194532,0.06385035,0.1841371,-0.1508648,0.2233485,-0.2341147,0.1265484,-0.2154214,0.005797887,-0.5845563,-0.0815274,-0.9180483,-0.02689789,-0.9900212,0.2657771,-0.3067226,636445451348255162
0.1990137,0.4730705,0.2875165,0.5685446,0.1405108,0.3174526,0.09386639,0.06247727,0.197562,-0.1544677,0.2305016,-0.2375666,0.143484,-0.2163925,0.02242901,-0.5827913,-0.07899732,-0.9185899,-0.02723397,-0.989995,0.2871119,-0.3095249,636445451348605052
0.2251702,0.4678883,0.313451,0.5639985,0.1631097,0.3150083,0.1213906,0.05046262,0.2228938,-0.1638976,0.2516205,-0.2482523,0.1566672,-0.2107689,0.04116292,-0.5852931,-0.07381169,-0.9167305,-0.02747561,-0.9900149,0.2970723,-0.3207526,636445451348895271
0.251004,0.4649901,0.338905,0.5604495,0.1805323,0.3105,0.1417535,0.04863106,0.2462489,-0.1725717,0.2687898,-0.2565705,0.1941541,-0.2094474,0.1019066,-0.5286913,-0.06801578,-0.9152791,-0.02648804,-0.9929388,0.3146724,-0.3286137,636445451349315887
0.2750274,0.4608467,0.3633807,0.5563768,0.2117389,0.3043388,0.1701019,0.04136846,0.2775852,-0.1939925,0.2893652,-0.266087,0.2197421,-0.2138693,0.1160945,-0.5286827,-0.06030823,-0.9137982,-0.02421583,-0.9938918,0.3311879,-0.3345166,636445451349565881
0.2991497,0.4600939,0.3876207,0.5546541,0.2312515,0.3047301,0.1973525,0.0366017,0.2903665,-0.1960745,0.3071365,-0.2721367,0.2572263,-0.1942433,0.144358,-0.5305226,-0.0470701,-0.907098,-0.02339945,-0.9934397,0.3496273,-0.3398315,636445451349955932
0.323458,0.4640586,0.412746,0.5581843,0.2595646,0.3062049,0.2221393,0.0390753,0.3101114,-0.1941706,0.3247964,-0.2728224,0.260868,-0.1810921,0.1793968,-0.5339252,-0.03757264,-0.9040273,-0.009438232,-0.9912143,0.3651776,-0.3411792,636445451350226158
0.3488542,0.4684491,0.4389307,0.5624843,0.2850797,0.3115939,0.2497213,0.0439948,0.334974,-0.193547,0.3428901,-0.2722262,0.282356,-0.1719075,0.2364835,-0.5261291,-0.0157445,-0.8998304,-0.005248319,-0.9823168,0.3801634,-0.3408806,636445451350626157
0.3701078,0.4713755,0.459369,0.5653591,0.3068124,0.315796,0.2745406,0.04789502,0.3515039,-0.187872,0.363818,-0.2714,0.2788013,-0.1659266,0.2820343,-0.5113888,0.02930186,-0.8892112,0.01418418,-0.9666876,0.3991009,-0.335815,636445451350886158
0.3969463,0.4746695,0.4872402,0.569723,0.3313777,0.3179453,0.2946011,0.05076271,0.3793401,-0.1924604,0.3866659,-0.2668679,0.3005547,-0.1625184,0.3389246,-0.5320967,0.09958861,-0.8423485,0.1882951,-0.8809953,0.4224515,-0.3381119,636445451351270136
0.4177887,0.4747812,0.5077391,0.5690386,0.3508531,0.319127,0.3148089,0.0519776,0.4062369,-0.2005164,0.410134,-0.2643867,0.3204225,-0.162657,0.3940854,-0.5390908,0.1196043,-0.8359376,0.06843112,-0.9299968,0.4448278,-0.3310865,636445451351550139
0.4366511,0.4754131,0.528403,0.56954,0.3715471,0.3189225,0.3352963,0.05235416,0.4251242,-0.2036006,0.435309,-0.2655779,0.3030452,-0.1725027,0.4291342,-0.5370778,0.1198063,-0.8501595,0.1004835,-0.9283779,0.469985,-0.3361145,636445451351980188
0.4612253,0.4765435,0.5526534,0.5706607,0.392197,0.3191589,0.3572966,0.05225183,0.443921,-0.2066878,0.4553213,-0.2649057,0.3165755,-0.1733537,0.4648761,-0.5300827,0.1888937,-0.8354485,0.2650402,-0.9172557,0.4894657,-0.3351354,636445451352230572
0.479264,0.4771209,0.5710104,0.5706356,0.4086998,0.3200821,0.3753721,0.05274417,0.459006,-0.2073064,0.4775978,-0.2646397,0.3581285,-0.1831645,0.51493,-0.5333557,0.2041281,-0.8550389,0.290933,-0.9229497,0.5163606,-0.3363943,636445451352700620
0.502571,0.4777096,0.592687,0.5710866,0.4296841,0.3209983,0.3932789,0.05343195,0.4785983,-0.2055993,0.4983679,-0.2596175,0.375439,-0.1820205,0.5529767,-0.5214394,0.3372245,-0.8757918,0.3370478,-0.9570239,0.5309131,-0.3297547,636445451352910581
0.5222428,0.4772526,0.6147103,0.571546,0.4490238,0.3222278,0.4110975,0.05412082,0.4975464,-0.2046836,0.516216,-0.255939,0.3907972,-0.1844676,0.585821,-0.5134311,0.3965228,-0.8669442,0.4781257,-0.9091514,0.5446731,-0.3220644,636445451353307522
0.5430031,0.477704,0.6347038,0.5718326,0.4705081,0.3206011,0.4293556,0.05309049,0.5199354,-0.204009,0.5380601,-0.2549927,0.4175646,-0.1851835,0.625322,-0.5037392,0.4473346,-0.8691356,0.4049504,-0.9172893,0.5629263,-0.3233993,636445451353577457
0.5634615,0.4762701,0.6569513,0.5704232,0.492576,0.3195263,0.4469919,0.05195601,0.5291852,-0.2018489,0.5502141,-0.2558668,0.4341592,-0.1840447,0.6549767,-0.4950564,0.471613,-0.9086561,0.4977218,-0.9836762,0.574553,-0.3234669,636445451353987839
0.5859665,0.4748769,0.6772713,0.5685769,0.5088049,0.318211,0.4673388,0.04942026,0.5515816,-0.2061726,0.5682392,-0.2605146,0.4621997,-0.1890043,0.6788383,-0.5026803,0.5851068,-0.8910482,0.6047397,-0.9683389,0.5910145,-0.3294488,636445451354223434
0.6041083,0.4737025,0.6981009,0.5671315,0.5307899,0.3168791,0.4856105,0.04855422,0.5652398,-0.2075251,0.5859129,-0.2641931,0.4919519,-0.1963076,0.7015778,-0.5099074,0.6548889,-0.9344932,0.7325959,-0.9758257,0.6090078,-0.3359836,636445451354653146
0.6256182,0.4700595,0.7204636,0.5632661,0.5519067,0.3131776,0.5075997,0.0443396,0.5913932,-0.2150656,0.6014067,-0.2688336,0.4934707,-0.1901867,0.7104186,-0.5018011,0.7263021,-0.8740414,0.8023121,-0.9176865,0.6154649,-0.3365804,636445451354883421
0.648899,0.4668822,0.7434715,0.5594397,0.5762894,0.308279,0.5271758,0.03928668,0.6028301,-0.2206199,0.6206089,-0.2751407,0.5009245,-0.1881233,0.7046178,-0.5144894,0.7585939,-0.8455477,0.8339517,-0.8906937,0.6363596,-0.3429437,636445451355253898
0.6753399,0.4639744,0.7672982,0.5560426,0.5966325,0.3066151,0.5497207,0.03677426,0.6244045,-0.225192,0.6407031,-0.2802317,0.5506678,-0.1906451,0.7419075,-0.5254514,0.7852914,-0.8580424,0.8602829,-0.9012012,0.6568371,-0.3487454,636445451355563781
0.6976313,0.4612328,0.7907207,0.5540956,0.6240854,0.3023899,0.5737487,0.03285304,0.6409886,-0.2210427,0.6567355,-0.2801778,0.563229,-0.1933445,0.7547227,-0.5274247,0.8702784,-0.9158739,0.9445035,-0.9592878,0.6757421,-0.3541899,636445451355963891
0.7201393,0.4570826,0.8142065,0.5496895,0.6457052,0.2977621,0.5961713,0.02780085,0.6703574,-0.2311436,0.6808838,-0.2882113,0.5873166,-0.1935908,0.8218831,-0.4925815,0.8575434,-0.8416813,0.9316867,-0.8859969,0.6964486,-0.358717,636445451356238881
0.7438594,0.45293,0.8388399,0.545577,0.6725495,0.2952829,0.6258577,0.02427522,0.6869629,-0.2329176,0.7019876,-0.2909138,0.6053914,-0.1949792,0.8320121,-0.4900883,0.8701572,-0.8419116,0.9441803,-0.8871807,0.7190689,-0.3642226,636445451356608619
0.7661505,0.4493214,0.8619872,0.5417445,0.6949872,0.2904509,0.6526393,0.0189278,0.7188836,-0.2367823,0.7285433,-0.2956439,0.6340837,-0.1998581,0.8606516,-0.4920087,0.8750853,-0.8434335,0.949116,-0.8885653,0.7424369,-0.3684294,636445451356903876
0.7972588,0.4459461,0.8923277,0.5379541,0.7229903,0.2870092,0.6773804,0.01537267,0.7382519,-0.2214604,0.7521092,-0.2910237,0.6867312,-0.2100623,0.8868926,-0.5020924,0.8909067,-0.8466012,0.9651521,-0.8896056,0.765993,-0.3619106,636445451357288624
0.8188052,0.4450225,0.9145988,0.5363584,0.7482285,0.2851309,0.708793,0.01294696,0.7689633,-0.2228094,0.7808442,-0.2938694,0.6959754,-0.2122906,0.8740205,-0.5515366,0.8769359,-0.8853389,0.951515,-0.9291278,0.7926252,-0.3672022,636445451357568626
0.8484184,0.4450328,0.943549,0.5374715,0.7765582,0.2849141,0.7376375,0.01279454,0.7963355,-0.2190313,0.8093548,-0.2973553,0.7127212,-0.2148954,0.9055502,-0.5343598,0.9248683,-0.8669852,0.9979681,-0.9123006,0.823341,-0.3722778,636445451357948602
0.8726311,0.4497461,0.9684361,0.5413634,0.8022597,0.2879181,0.7703841,0.01493355,0.833071,-0.2329028,0.8413472,-0.2970929,0.7680294,-0.2092345,0.9267207,-0.5534744,0.9609717,-0.9246321,1.035001,-0.9663687,0.8564903,-0.3729694,636445451358243876
0.9037833,0.4565659,0.9960754,0.5469477,0.8275912,0.2945546,0.8044898,0.02129576,0.8568849,-0.228707,0.8726822,-0.2927871,0.7890812,-0.2041731,0.9707611,-0.455465,0.9622273,-0.9097529,1.035255,-0.9522277,0.8891273,-0.3700457,636445451358623976
0.9253917,0.4584984,1.020146,0.5488465,0.8546413,0.2999186,0.8306248,0.02602963,0.8961354,-0.2274886,0.9060016,-0.2873866,0.7985237,-0.2010625,0.9897801,-0.5218561,0.9593483,-0.924362,1.032524,-0.9680452,0.9220122,-0.3597231,636445451358894172
0.9481642,0.4622103,1.043013,0.5516239,0.8744874,0.302361,0.8643237,0.02930474,0.9293676,-0.2076146,0.9454777,-0.2817037,0.8356116,-0.1964559,0.9917028,-0.5055248,0.9564078,-0.9021273,1.029472,-0.9454734,0.9646367,-0.3526027,636445451359274272
0.9733258,0.4644776,1.068423,0.5530465,0.898292,0.3057421,0.8902627,0.03316945,0.9538167,-0.2060288,0.982412,-0.2807342,0.859747,-0.1964786,0.9922446,-0.5070697,0.9562492,-0.8963747,1.029288,-0.9396097,1.007643,-0.346136,636445451359554236
0.9930419,0.4653736,1.090344,0.552898,0.9204561,0.3069226,0.9166703,0.03472032,0.9970217,-0.1937363,1.02454,-0.2745021,0.884819,-0.1960529,0.9961244,-0.5169255,0.968318,-0.9226396,1.041804,-0.9651546,1.051144,-0.34286,636445451360085019
1.019684,0.4662812,1.114264,0.5525395,0.9376563,0.3085648,0.9416984,0.0379326,1.018927,-0.1569392,1.053714,-0.2506858,0.9104089,-0.19547,0.9975216,-0.5162398,0.9685378,-0.923274,1.040952,-0.9654372,1.083478,-0.3178114,636445451360365018
1.040159,0.4677624,1.136256,0.5533953,0.9569105,0.315346,0.9667633,0.04547026,1.051644,-0.1599622,1.089248,-0.2500958,0.9324747,-0.1916135,1.000702,-0.5136517,0.9762662,-0.8721972,1.04836,-0.914657,1.1219,-0.3180035,636445451360740807
1.062401,0.468796,1.156619,0.5537179,0.9880127,0.3168138,0.9911156,0.04594541,1.077758,-0.1513285,1.126505,-0.2461129,0.9505877,-0.1878742,1.003698,-0.5142203,0.9768438,-0.8727751,1.049945,-0.9159416,1.15576,-0.3114925,636445451360886171
1.081675,0.4691031,1.177517,0.5533106,1.001896,0.3143755,1.014766,0.04508485,1.123224,-0.1576482,1.162791,-0.2393241,0.9668445,-0.1866833,1.013597,-0.516967,0.9777833,-0.8726758,1.050187,-0.9159642,1.192008,-0.3023715,636445451361306192
1.103057,0.4683965,1.198983,0.5517175,1.01964,0.3166328,1.038617,0.04751476,1.138757,-0.1543372,1.193725,-0.2356971,0.9863375,-0.1859457,1.026075,-0.5149054,0.9812822,-0.8746389,1.053165,-0.9179989,1.215565,-0.2960614,636445451361556156
1.121621,0.4669366,1.219144,0.5492111,1.039241,0.311116,1.060151,0.04353619,1.160758,-0.1444399,1.218139,-0.225374,1.003497,-0.1851413,1.040172,-0.5177717,0.9836445,-0.8743149,1.055445,-0.9179003,1.239965,-0.28373,636445451361947871
1.140535,0.4657321,1.238742,0.5473087,1.058746,0.309263,1.084402,0.04192678,1.182549,-0.1380786,1.242722,-0.2186891,1.0088,-0.1837272,1.057963,-0.5449065,0.9902763,-0.878374,1.061844,-0.9226459,1.264717,-0.2776831,636445451362237885
1.160654,0.4634943,1.233751,0.5432076,1.081104,0.3083288,1.102045,0.04082478,1.20364,-0.1341105,1.262927,-0.213784,1.024537,-0.1806488,1.063872,-0.5448068,0.9932129,-0.8749988,1.06479,-0.9196699,1.286045,-0.2728071,636445451362643062
1.182963,0.4625929,1.242386,0.5471722,1.098126,0.3071609,1.124623,0.0413649,1.221647,-0.1327425,1.28368,-0.213434,1.039371,-0.1819369,1.071795,-0.5430785,0.9942584,-0.8750136,0.9940533,-0.9532661,1.306333,-0.2733838,636445451362893753
1.203691,0.4593919,1.265061,0.5408131,1.119859,0.3054414,1.144728,0.0402007,1.241788,-0.1358691,1.301501,-0.2163352,1.058115,-0.1835466,1.087605,-0.5441815,0.9976612,-0.8811201,0.9852355,-0.9577976,1.327463,-0.275166,636445451363273754
1.228623,0.45582,1.288315,0.5366367,1.14193,0.3015166,1.166037,0.03567906,1.257874,-0.1408992,1.317371,-0.2208662,1.070636,-0.1849517,1.09738,-0.5413725,1.006793,-0.87423,1.076631,-0.9201175,1.339198,-0.2806658,636445451363553753
1.248549,0.451362,1.311274,0.5306559,1.165137,0.2974245,1.187161,0.03075805,1.275918,-0.1474097,1.333324,-0.2285356,1.096485,-0.190584,1.113853,-0.5374306,1.01862,-0.8611392,1.088803,-0.9069849,1.348334,-0.2879494,636445451363979316
1.272473,0.4455456,1.333104,0.525969,1.185334,0.2949038,1.205342,0.02845646,1.291538,-0.150488,1.345858,-0.2361557,1.122475,-0.1978019,1.130899,-0.5327801,1.023324,-0.8566788,1.092791,-0.9022678,1.365658,-0.2988335,636445451364229631
1.294871,0.4411079,1.357554,0.519972,1.205023,0.287477,1.225794,0.02167613,1.307558,-0.1588818,1.358779,-0.245381,1.172196,-0.2000605,1.148427,-0.5343754,1.02486,-0.8786392,1.095219,-0.9204925,1.379623,-0.3084558,636445451364609290
1.31544,0.4367641,1.381774,0.5136392,1.230253,0.2837033,1.246843,0.01785705,1.336393,-0.1826964,1.370674,-0.2612057,1.219968,-0.1880492,1.171389,-0.5364332,1.020576,-0.9353625,1.013546,-0.8739185,1.387419,-0.3189054,636445451364900181
1.338714,0.43239,1.400677,0.5104001,1.249369,0.2790522,1.268721,0.01378674,1.340566,-0.1836193,1.379319,-0.2718131,1.231007,-0.1938569,1.191642,-0.5395675,1.046416,-0.8873725,1.084718,-0.8034229,1.390342,-0.3316045,636445451365369823
1.358516,0.4323393,1.426773,0.5085819,1.278938,0.2871011,1.28673,0.02027795,1.352395,-0.1872301,1.382391,-0.2767712,1.272169,-0.1963857,1.23216,-0.5402197,1.059687,-0.8763949,1.124763,-0.7642602,1.395757,-0.3436013,636445451365609810
1.385967,0.4378798,1.454076,0.51384,1.299209,0.2892819,1.308943,0.02113222,1.365641,-0.1923506,1.38891,-0.2798807,1.293078,-0.1959205,1.258822,-0.5445874,1.069152,-0.8733392,1.137859,-0.7642459,1.399056,-0.3479256,636445451365939998
1.407111,0.4443514,1.469831,0.5208173,1.323539,0.2945417,1.327247,0.02600523,1.377476,-0.1812514,1.399915,-0.2742395,1.3203,-0.190062,1.294855,-0.540827,1.109372,-0.86443,1.162122,-0.7965277,1.406849,-0.3428638,636445451366250000
1.421463,0.4457147,1.492255,0.5192783,1.343735,0.3011597,1.34253,0.03279035,1.390514,-0.1749707,1.410956,-0.2666663,1.337228,-0.187289,1.335703,-0.5374728,1.146362,-0.8610101,1.222178,-0.7668943,1.404885,-0.3361667,636445451366610000
1.456678,0.4491512,1.518841,0.5251204,1.371354,0.3179133,1.361056,0.04860099,1.410634,-0.1803414,1.424462,-0.2727941,1.366727,-0.1826195,1.406585,-0.5385439,1.207762,-0.8141714,1.283203,-0.7592773,1.418344,-0.3437302,636445451366900198
1.466952,0.4487692,1.538237,0.5225638,1.380098,0.3176751,1.376767,0.04889128,1.423266,-0.1687042,1.443549,-0.2586948,1.378282,-0.1835508,1.415292,-0.5317349,1.223442,-0.8271259,1.294857,-0.7777295,1.428774,-0.3280112,636445451367280203
1.49749,0.4495242,1.559002,0.5259746,1.401179,0.3220293,1.395955,0.05565178,1.472317,-0.1844094,1.46999,-0.2497885,1.390545,-0.1845652,1.434788,-0.5267631,1.262645,-0.8284452,1.346324,-0.7489356,1.467538,-0.3257949,636445451367570222
1.505746,0.4465901,1.57407,0.5210466,1.410581,0.3132288,1.408068,0.04806127,1.475684,-0.1836155,1.480478,-0.2520137,1.407301,-0.1889209,1.448704,-0.5273107,1.305669,-0.8397015,1.373732,-0.7361382,1.484479,-0.3332453,636445451367945292
1.523995,0.4446986,1.593779,0.5195363,1.422836,0.3088322,1.427321,0.04210278,1.472403,-0.2275287,1.477249,-0.3122817,1.410599,-0.1913585,1.455705,-0.4965101,1.332022,-0.8434029,1.370446,-0.7583463,1.482358,-0.3902721,636445451368240301
1.541059,0.4407192,1.610574,0.5160435,1.44031,0.3029047,1.438112,0.03465447,1.477797,-0.235234,1.485662,-0.3190157,1.420995,-0.2066437,1.467747,-0.4971926,1.560127,-0.9176816,1.620868,-0.9612316,1.499912,-0.4022124,636445451368605291
1.56622,0.4403086,1.636246,0.5156389,1.464671,0.3017727,1.459787,0.04563565,1.490544,-0.2256547,1.496836,-0.3126467,1.431396,-0.2048627,1.487302,-0.498698,1.586907,-0.9019016,1.646397,-0.9477458,1.510387,-0.3956887,636445451368895310
1.474277,0.1544242,1.543766,0.2244147,1.372782,0.0157246,1.537562,0.09942423,1.527043,-0.1706255,1.502501,-0.2569633,1.449524,-0.3189298,1.553934,-0.6251204,1.691463,-0.9773625,1.751921,-1.017211,1.503594,-0.3369004,636445451369290390
1.488916,0.149145,1.558389,0.2189667,1.387424,0.01048337,1.532181,-0.117311,1.54529,-0.3846073,1.554342,-0.4269444,1.469058,-0.3393524,1.57715,-0.5986707,1.772125,-1.004447,1.830416,-1.036845,1.575415,-0.5219336,636445451369560390
1.509631,0.1291563,1.579207,0.1985118,1.408127,-0.009450281,1.518713,0.1211132,1.532695,-0.146493,1.524272,-0.2065611,1.484443,-0.3977997,1.625856,-0.6757098,1.805252,-0.9967814,1.865439,-1.035613,1.516119,-0.2834236,636445451369920394
1.529873,0.1108294,1.599544,0.1797618,1.428359,-0.02772477,1.59658,0.06164173,1.570487,-0.212143,1.539397,-0.2547927,1.51768,-0.4405031,1.642757,-0.7046099,1.8036,-1.010447,1.863822,-1.046935,1.550343,-0.3359981,636445451370240583
1.549402,0.1001899,1.619208,0.1688698,1.447879,-0.03832717,1.609458,0.05884655,1.593896,-0.2127482,1.543943,-0.2905471,1.526234,-0.4338281,1.647005,-0.7065296,1.803064,-1.021997,1.863325,-1.058853,1.57662,-0.3751154,636445451370610522
1.570599,0.07561515,1.640638,0.1437781,1.469054,-0.06285471,1.607637,0.07787509,1.572796,-0.196177,1.551787,-0.2733506,1.544098,-0.4835249,1.750944,-0.6598097,2.005116,-0.8662261,2.063099,-0.9045054,1.575966,-0.3662542,636445451370890794
1.592691,0.06607202,1.662893,0.1340109,1.491136,-0.07236091,1.611646,0.08468474,1.577703,-0.1897492,1.563556,-0.2560703,1.578077,-0.4794335,1.575602,-0.7399504,1.502107,-1.062081,1.501933,-0.9630988,1.573095,-0.3224893,636445451371256169
1.614052,0.001415384,1.684492,0.0680623,1.512454,-0.1369205,1.582483,0.129211,1.58988,-0.1454037,1.577392,-0.2248257,1.586149,-0.5652807,1.596999,-0.8439551,1.413391,-0.9238949,1.446536,-0.8593585,1.577577,-0.3049028,636445451371566219
1.690002,-0.001043788,1.760151,0.06541519,1.588444,-0.1392222,1.658495,0.1266623,1.665937,-0.1477598,1.600638,-0.2195835,1.662436,-0.5719724,1.673768,-0.8498418,1.503502,-0.9569088,1.509067,-0.863774,1.626437,-0.3066344,636445451371936174
1.660298,0.05787098,1.730981,0.1255516,1.558724,-0.08047763,1.628559,0.1851403,1.635925,-0.08962607,1.629669,-0.1769555,1.696298,-0.5192311,1.605009,-0.7873641,1.434719,-0.8946372,1.467246,-0.811527,1.620358,-0.2533956,636445451372231803
0,0,0.1338223,-0.02460056,1.66803,-0.3062205,1.737669,-0.03925356,1.74468,-0.3129363,1.749497,-0.4042133,1.473987,-0.2619318,1.609192,-0.4631554,1.438902,-0.5714753,1.473235,-0.5906481,1.739885,-0.4798214,636445451372581907
